{
  "hash": "1fa9dd64",
  "configHash": "618f1d19",
  "lockfileHash": "260beb7f",
  "browserHash": "a2248ab3",
  "optimized": {
    "@angular/common": {
      "src": "../../../../../../node_modules/@angular/common/fesm2022/common.mjs",
      "file": "@angular_common.js",
      "fileHash": "84001f73",
      "needsInterop": false
    },
    "@angular/common/http": {
      "src": "../../../../../../node_modules/@angular/common/fesm2022/http.mjs",
      "file": "@angular_common_http.js",
      "fileHash": "93b4d571",
      "needsInterop": false
    },
    "@angular/core": {
      "src": "../../../../../../node_modules/@angular/core/fesm2022/core.mjs",
      "file": "@angular_core.js",
      "fileHash": "9bd55e11",
      "needsInterop": false
    },
    "@angular/platform-browser": {
      "src": "../../../../../../node_modules/@angular/platform-browser/fesm2022/platform-browser.mjs",
      "file": "@angular_platform-browser.js",
      "fileHash": "4d8f439d",
      "needsInterop": false
    },
    "@angular/router": {
      "src": "../../../../../../node_modules/@angular/router/fesm2022/router.mjs",
      "file": "@angular_router.js",
      "fileHash": "bf4bba2b",
      "needsInterop": false
    },
    "@angular/forms": {
      "src": "../../../../../../node_modules/@angular/forms/fesm2022/forms.mjs",
      "file": "@angular_forms.js",
      "fileHash": "cd3f7f49",
      "needsInterop": false
    }
  },
  "chunks": {
    "chunk-PLHUT5KE": {
      "file": "chunk-PLHUT5KE.js"
    },
    "chunk-WZYZKZBD": {
      "file": "chunk-WZYZKZBD.js"
    },
    "chunk-AHAARRDJ": {
      "file": "chunk-AHAARRDJ.js"
    },
    "chunk-Z3E5OR53": {
      "file": "chunk-Z3E5OR53.js"
    },
    "chunk-MHQIP2VU": {
      "file": "chunk-MHQIP2VU.js"
    }
  }
}