{
  "hash": "b38116b9",
  "configHash": "f0717f25",
  "lockfileHash": "260beb7f",
  "browserHash": "508b6815",
  "optimized": {
    "@angular/common": {
      "src": "../../../../../../node_modules/@angular/common/fesm2022/common.mjs",
      "file": "@angular_common.js",
      "fileHash": "8a8bcfca",
      "needsInterop": false
    },
    "@angular/common/http": {
      "src": "../../../../../../node_modules/@angular/common/fesm2022/http.mjs",
      "file": "@angular_common_http.js",
      "fileHash": "268e50d1",
      "needsInterop": false
    },
    "@angular/core": {
      "src": "../../../../../../node_modules/@angular/core/fesm2022/core.mjs",
      "file": "@angular_core.js",
      "fileHash": "f9ed4ca6",
      "needsInterop": false
    },
    "@angular/forms": {
      "src": "../../../../../../node_modules/@angular/forms/fesm2022/forms.mjs",
      "file": "@angular_forms.js",
      "fileHash": "f589d8a7",
      "needsInterop": false
    },
    "@angular/platform-browser": {
      "src": "../../../../../../node_modules/@angular/platform-browser/fesm2022/platform-browser.mjs",
      "file": "@angular_platform-browser.js",
      "fileHash": "01a6b5c9",
      "needsInterop": false
    },
    "@angular/platform-server": {
      "src": "../../../../../../node_modules/@angular/platform-server/fesm2022/platform-server.mjs",
      "file": "@angular_platform-server.js",
      "fileHash": "acd425f6",
      "needsInterop": false
    },
    "@angular/router": {
      "src": "../../../../../../node_modules/@angular/router/fesm2022/router.mjs",
      "file": "@angular_router.js",
      "fileHash": "04bf990e",
      "needsInterop": false
    },
    "@angular/ssr": {
      "src": "../../../../../../node_modules/@angular/ssr/fesm2022/ssr.mjs",
      "file": "@angular_ssr.js",
      "fileHash": "52f9bcc4",
      "needsInterop": false
    },
    "@angular/ssr/node": {
      "src": "../../../../../../node_modules/@angular/ssr/fesm2022/node.mjs",
      "file": "@angular_ssr_node.js",
      "fileHash": "524b5371",
      "needsInterop": false
    },
    "express": {
      "src": "../../../../../../node_modules/express/index.js",
      "file": "express.js",
      "fileHash": "c26153fd",
      "needsInterop": true
    }
  },
  "chunks": {
    "xhr2-TXIMV6CV": {
      "file": "xhr2-TXIMV6CV.js"
    },
    "chunk-7Y57YY25": {
      "file": "chunk-7Y57YY25.js"
    },
    "chunk-SWRHGU6T": {
      "file": "chunk-SWRHGU6T.js"
    },
    "chunk-SJ4IRQFV": {
      "file": "chunk-SJ4IRQFV.js"
    },
    "chunk-NPQKXDFX": {
      "file": "chunk-NPQKXDFX.js"
    },
    "chunk-E3IKQYAG": {
      "file": "chunk-E3IKQYAG.js"
    },
    "chunk-EGZKIWYG": {
      "file": "chunk-EGZKIWYG.js"
    },
    "chunk-T7IPXL4X": {
      "file": "chunk-T7IPXL4X.js"
    },
    "chunk-OGMU4Y3G": {
      "file": "chunk-OGMU4Y3G.js"
    },
    "chunk-YHCV7DAQ": {
      "file": "chunk-YHCV7DAQ.js"
    }
  }
}